date,thema
1971-01-06,Beteiligung deutscher Firmen beim Bau des Staudamms Cabora Bassa
1971-02-03,Die DDR betreffende Teile des Berichts zur Lage der Nation
1971-03-03,Operation Lam Son 719
1971-04-07,24. Parteitag der KPdSU
1971-05-05,Geplanter Beitritt des Vereinigten Königreichs zur EWG
1971-06-02,Inflationistische Tendenzen in Europa und den USA
1971-07-07,Beitritt des Vereinigten Königreichs zur EWG
1971-08-04,Amerikanisch-chinesische Beziehungen und deren Auswirkungen auf den Vietnamkrieg
1971-10-06,"Politisches, wirtschaftliches und militärisches Engagement der USA seit 1945"
1971-11-03,Resolution 2758 der UN-Generalversammlung
1972-01-05,Diskussion über Verbrechensbekämpfung
1972-02-02,Finanzielle Situation deutscher Städte
1972-03-01,Erhöhung der Mineralölsteuer
1972-06-07,Pattsituation im Bundestag
1972-07-05,Lage der Bundeswehr
1972-10-04,Struktur der Parteien
1972-12-06,Konflikt zwischen CDU und CSU
1973-02-07,Bodenspekulation
1973-03-07,Wahlen in Chile am 4. März 1973 und in Argentinien am 11. März 1973
1973-04-04,SPD
1973-05-02,Zukunft der europäisch-amerikanischen Beziehungen
1973-06-06,Energieknappheit
1973-07-04,Streik der Fluglotsen
1973-08-01,Radikalenerlass vom 28. Januar 1972
1973-10-03,Giftmüll-Skandal in Hessen
1973-11-07,Watergate-Affäre
1973-12-05,Ölboykott
1974-02-06,Tarifkonflikte
1974-03-06,Britische Unterhauswahlen am 28. Februar 1974 und Bürgerschaftswahl in Hamburg am 3. März 1974
1974-06-05,Landtagswahl in Niedersachsen am 9. Juni 1974
1974-07-10,Krise der deutschen Automobil-Industrie
1974-08-07,Ende der Griechischen Militärdiktatur und Ost-West-Konflikt
1974-09-05,Schleichwerbung im Sport
1974-10-02,Schwarzarbeit
1974-12-04,Volksrepublik China
1975-02-05,Jugendarbeitslosigkeit
1975-03-05,Reaktionen auf die Entführung von Peter Lorenz am 27. Februar 1975
1975-05-07,30. Jahrestag der Bedingungslosen Kapitulation der Wehrmacht und Eroberung von Saigon am 30. April 1975 und Phnom Penh am 17. April 1975
1975-06-04,Portugal und die NATO
1975-07-02,Wirtschaftswunder
1975-07-30,Konferenz über Sicherheit und Zusammenarbeit in Europa am 1. August 1975
1975-09-03,Lehrermangel
1975-10-01,Investitionslenkung
1975-11-05,Ende des Franco-Regimes
1976-02-04,Wahl Ernst Albrechts zum niedersächsischen Ministerpräsidenten am 15. Januar 1976
1976-04-07,FDP
1976-05-05,?
1976-06-02,Recht auf Arbeit
1976-08-04,Innerdeutsche Grenze
1976-10-06,Situation nach der Bundestagswahl am 3. Oktober 1976
1976-11-03,Wahl Jimmy Carters zum US-Präsidenten am 2. November 1976
1976-12-01,Kreuther Trennungsbeschluss vom 19. November 1976
1977-01-12,„Tanker-Alarm – Angst vor der Ölpest“
1977-02-02,Rentendebatte
1977-03-02,Alternativen zur Kernenergie
1977-06-01,Knessetwahl am 17. Mai 1977
1977-07-06,Programme zur Beschaffung von Arbeitsplätzen
1977-08-03,Fußball-Bundesliga
1977-09-07,Steuersenkungen und -müdigkeit
1977-11-02,Deutschen-Bild im Ausland
1977-11-30,Studentenstreik 1976/77
1978-04-06,Entwicklungen im Nahen Osten
1978-06-08,Krisenherd Afrika und Landtagswahl in Niedersachsen und Bürgerschaftswahl in Hamburg am 4. Juni 1978
1978-07-13,Jimmy Carter in Deutschland
1978-09-07,Nahost-Gipfel in Camp David
1978-10-05,Auto
1978-11-02,Recht auf einen würdigen Tod
1978-12-07,Streik in der Stahlindustrie
1979-02-01,Teheran und Ziele der Gewerkschaften
1979-03-01,Urteil zum Mitbestimmungsgesetz
1979-04-05,Gorleben
1979-05-03,Britische Unterhauswahlen
1979-06-07,Beginn der Europawahl
1979-07-05,Erdöl
1979-08-02,Energieeinsparung
1979-09-06,Jimmy Carter
1979-11-08,Diskussion über die Gesamtschule
1980-01-10,Sowjetische Intervention in Afghanistan am 25. Dezember 1979
1980-02-07,Solidarität zwischen Europa und den USA
1980-03-06,Entspannungspolitik
1980-05-08,Landtagswahl in Nordrhein-Westfalen am 11. Mai 1980 und Situation in Amerika
1980-07-03,Helmut Schmidt in Moskau
1981-01-08,Japan
1981-03-05,Wohnungsnot
1981-05-07,"NATO-Doppelbeschluss vom 12. Dezember 1979"
1981-06-04,Bundeshaushalt 1982
1981-07-02,Knessetwahl am 30. Juni 1981
1981-08-06,"NATO-Doppelbeschluss vom 12. Dezember 1979"
1981-09-17,Leben mit dem Auto
1981-10-01,Antiamerikanismus
1982-01-07,Finanznot der Städte
1982-02-04,"Landtagswahlen in Niedersachsen am 21. März 1982, in Hamburg am 6. Juni 1982, in Hessen am 26. September 1982 und in Bayern am 10. Oktober 1982"
1982-03-04,Macht der Gewerkschaften
1982-05-06,Mittelamerika
1982-06-03,Vereinigtes Königreich und seine Verbündeten
1982-08-05,Beziehungen zwischen Europa und den USA
1982-10-07,"Medien-, Familien- und Wohnungspolitik"
1982-11-04,FDP
1982-11-11,Tod von Leonid Iljitsch Breschnew am 10. November 1982
1982-12-02,Bundesausbildungsförderungsgesetz
1983-01-06,„Dem Volk aufs Maul geschaut – Meinungsforschung und Meinungsmache“
1983-02-03,Frauen in der Politik
1983-05-05,Regierungserklärung
1983-06-02,Deutscher Evangelischer Kirchentag in Hannover
1983-10-06,300 Jahre Deutsche in Amerika
1983-12-01,Bundeshaushalt 1984
1984-01-04,„Das Millionending. Politik und Kapital: Der Fall Flick“
1984-01-18,„Konferenz für Vertrauensbildung und Abrüstung in Europa (KVAE)“
1984-01-25,„Der Kanzler in Israel“
1984-02-01,"„Der MAD – Wörner, Kießling und die Konsequenzen“"
1984-02-08,„Hessen vorn? Grün-rot die neue Mehrheit“
1984-02-15,„Libanon – sterben ohne Ende“
1984-02-22,"„Leo, Marder + Co. – Neuer Boom im Waffenexport“"
1984-02-29,„Ölkrieg am Golf? Bedrohung für Europa“
1984-03-07,„Hunger – Afrika vor der Katastrophe“
1984-03-14,„Wieviel Zeit für die Arbeit? Zum Streit um die 35-Stunden-Woche“
1984-03-21,„Das Millionending – Handelsware Rummenigge“
1984-03-28,„El Salvador nach den Wahlen“
1984-04-04,„Kranke Umwelt – kranke Kinder“
1984-04-11,„Entspannung in Südafrika?“
1984-04-18,„Arbeitszeit zwischen Kampf und Kompromiß“
1984-05-02,„Loreley in Tokio – Deutsche Leistungsschau in Japan“
1984-05-09,„Begnadigung in eigener Sache“ (Über nachträgliche Straffreiheit für Steuervergehen bei Parteispenden)
1984-05-12,Computerkriminalität
1984-05-16,„Pulverfaß Mittelamerika“
1984-05-23,?
1984-05-24,„Der 35-Stunden-Streik. Arbeitskampf in der Metallindustrie“
1984-05-30,FDP-Bundesparteitag vom 1. bis zum 3. Juni 1984
1984-06-06,?
1984-06-20,Steuern
1984-06-27,?
1984-07-04,?
1984-07-11,?
1984-07-18,?
1984-07-25,Knessetwahl am 23. Juli 1984
1984-08-01,?
1984-10-03,?
1984-10-10,?
1984-10-17,?
1984-10-31,?
1984-11-07,Wiederwahl von US-Präsident Ronald Reagan am 6. November 1984
1984-11-14,Gesundheitssystem Deutschlands
1984-11-28,?
1984-12-05,?
1984-12-19,?
1985-01-02,?
1985-01-09,?
1985-01-16,?
1985-01-30,?
1985-02-20,?
1985-02-27,?
1985-04-03,?
1985-04-17,?
1985-05-15,?
1985-05-22,?
1985-06-05,Weltumwelttag
1985-06-19,?
1985-06-26,?
1985-07-03,?
1985-07-10,?
1985-07-17,?
1985-07-24,?
1985-07-31,?
1985-08-07,AIDS
1985-08-14,?
1985-08-21,?
1985-08-28,?
1985-09-11,?
1985-09-18,?
1985-09-25,?
1985-10-02,?
1985-10-09,?
1985-10-16,?
1985-10-23,40. Jahrestag der UNO am 24. Oktober 1985
1985-10-30,?
1985-10-31,"Geplante Aufführung von Der Müll, die Stadt und der Tod"
1985-11-06,?
1985-11-17,Fußball-Europameisterschaft 1988
1985-11-20,Gipfeltreffen von Ronald Reagan und Michail Sergejewitsch Gorbatschow
1985-11-27,?
1986-01-08,?
1986-01-15,?
1986-01-22,?
1986-01-29,?
1986-03-12,?
1986-04-30,Nuklearkatastrophe von Tschernobyl am 26. April
1986-05-14,Nuklearkatastrophe von Tschernobyl am 26. April
1986-06-25,?
1986-08-06,Nicaragua
1986-08-20,Drogenschmuggel
1986-10-22,?
1987-01-21,?
1987-03-04,?
1987-04-01,?
1987-04-08,Fehlbildungen durch Radioaktivität
1987-07-01,Stau am Brenner
1987-08-19,?
1987-12-08,Gipfeltreffen von Ronald Reagan und Michail Sergejewitsch Gorbatschow
1988-05-11,?
1988-07-27,?
1988-08-03,Situation im Westjordanland
1988-09-28,?
1989-01-11,?
1989-01-18,?
1989-03-02,KGB-Hack
1989-04-19,Junge Nazis
1989-05-03,?
1989-08-09,?
1989-09-06,?
1989-10-07,40 Jahre DDR
1989-11-09,Mauerfall
1989-11-10,Mauerfall am 9. November 1989
1989-11-11,Mauerfall am 9. November 1989
1989-11-12,Mauerfall am 9. November 1989
1989-11-18,Mauerfall am 9. November 1989
1989-12-03,Rücktritt des Zentralkomitees der SED
1989-12-26,Hinrichtung von Nicolae Ceaușescu am 25. Dezember 1989
1990-03-14,?
1990-04-09,Situation nach der Volkskammerwahl am 18. März 1990
1990-04-25,?
1990-06-27,?
1990-07-01,Einführung der D-Mark in der DDR
1990-08-08,?
1990-09-05,?
1991-01-02,?
1991-01-09,?
1991-01-16,?
1991-01-23,?
1991-01-30,?
1991-02-06,?
1991-02-13,?
1991-02-20,?
1991-02-27,?
1991-03-27,?
1991-04-03,?
1991-04-10,?
1991-04-17,?
1991-04-24,?
1991-05-01,?
1991-05-08,?
1991-05-15,?
1991-05-22,?
1991-05-29,?
1991-07-17,?
1991-09-25,Ausschreitungen in Hoyerswerda zwischen dem 17. und 23. September 1991
1991-10-28,Rücktritt des SPD-Vorsitzenden Hans-Jochen Vogel
1992-01-08,Verfolgung von Heinz Eggert durch das Ministerium für Staatssicherheit
1992-01-15,?
1992-03-04,?
1992-03-11,?
1992-03-18,?
1992-03-26,Überforderung der Justiz
1992-04-08,Harte Zeiten in Deutschland
1992-04-15,?
1992-05-13,?
1992-07-01,Kronzeuge Siegfried Nonne und das Attentat auf Alfred Herrhausen
1992-08-25,Ausschreitungen in Rostock-Lichtenhagen
1992-08-26,?
1992-11-25,Mordanschlag von Mölln am 23. November 1992
1992-12-02,?
1992-12-09,UNO-Einsatz UNITAF in Somalia
1992-12-09,Trennung von Prinz Charles und Lady Diana
1993-01-12,Braer-Tankerunglück am 5. Januar
1993-01-13,Ausreise von Erich Honecker nach Chile
1993-01-14,Schiffsunglück der Jan Heweliusz
1993-01-18,Luftangriffe auf Irak
1993-03-07,Kommunalwahl in Hessen
1993-03-31,Bosnienkrieg
1993-05-03,Rücktritt des SPD-Vorsitzenden und schleswig-holsteinischen Ministerpräsidenten Björn Engholm
1993-05-28,Stopp des Abtreibungsrechts durch das Bundesverfassungsgericht
1993-05-31,Mordanschlag von Solingen am 29. Mai
1993-06-12,UNO-Einsatz in Somalia
1993-07-21,Bundeswehreinsatz in Somalia
1993-09-21,Parlamentsauflösung in Russland
1993-10-03,Putschversuch in Moskau
1993-10-04,Putschversuch in Moskau
1993-10-08,HIV in Blutkonserven
1993-10-12,Entscheidung des Bundesverfassungsgerichts zum Vertrag von Maastricht
1993-11-25,Rückzug des Bundespräsidentschaftskandidaten Steffen Heitmann (CDU)
1993-12-02,Regierungskrise in Sachsen-Anhalt
1993-12-13,Parlamentswahl in Russland
1993-12-14,GATT-Abkommen
1994-01-11,Waldbrände in Australien
1994-01-17,Erdbeben in Los Angeles
1994-01-25,Nachlass von Willy Brandt
1994-02-09,Ultimatum der NATO an Jugoslawien
1994-02-22,Urteil des Bundesverfassungsgerichts zu Rundfunkgebühren
1994-02-25,Massaker von Hebron
1994-02-28,"NATO-Einsatz in Bosnien-Herzegowina"
1994-03-23,Kurden in Deutschland
1994-03-29,Situation nach der Parlamentswahl in Italien am 27. März
1994-04-11,"NATO-Einsatz in Bosnien-Herzegowina"
1994-04-14,Pleite von Jürgen Schneider
1994-04-20,Situation in Goražde
1994-04-25,Tor des Jahres
1994-04-28,Parlamentswahl in Südafrika
1994-05-04,Gaza-Jericho-Abkommen
1994-05-13,Völkermord in Ruanda
1994-05-19,Drogen
1994-07-12,Staatsbesuch von US-Präsident Bill Clinton in Berlin
1994-07-27,Ozonalarm in Hessen am 26. Juli
1994-09-19,US-Invasion auf Haiti
1994-09-28,Untergang der Estonia
1994-10-19,Terroranschlag in Tel Aviv
1994-11-30,Bosnienkrieg
1994-12-15,Erster Tschetschenienkrieg
1994-12-22,Rücktritt des italienischen Ministerpräsidenten Silvio Berlusconi
1995-01-02,Kältewelle
1995-01-17,Erdbeben von Kobe
1995-01-27,Rhein-Hochwasser
1995-01-30,Rhein-Hochwasser
1995-01-31,Rhein-Hochwasser
1995-03-08,Tiefstand des US-Dollar
1995-03-20,Giftgasanschlag in Tokio
1995-05-18,Rücktritt von Klaus Kinkel als FDP-Vorsitzender
1995-05-19,Festnahme von Jürgen Schneider am 18. Mai
1995-05-26,Geiselnahme von UNO-Mitarbeitern durch Serben im Bosnienkrieg
1995-06-14,geplante Versenkung der Brent Spar
1995-06-19,Geiselnahme von Budjonnowsk am 14. Juni
1995-06-22,Ratifikation der Länderfusion Berlin-Brandenburg durch die Landtage
1995-07-12,Massaker von Srebrenica
1995-08-03,Festnahme von Peter Graf am 2. August
1995-08-04,kroatische Offensive im Bosnienkrieg
1995-08-30,"NATO-Angriffe in Bosnien-Herzegowina"
1995-10-13,Urteile zum Mordanschlag von Solingen
1995-11-06,Mord an Jitzchak Rabin am 4. November
1995-11-16,Wahl von Oskar Lafontaine zum SPD-Vorsitzenden
1995-11-21,Abkommen von Dayton
1996-01-15,Geiselnahme von Perwomaiskoje
1996-01-17,Beendigung der Geiselnahme von Perwomaiskoje am 16. Januar
1996-01-18,Lübecker Brandanschlag
1996-02-07,Flugzeugabsturz in der Dominikanischen Republik am 6. Februar
1996-02-21,Insolvenzantrag der Bremer-Vulkan-Werft
1996-02-23,Auslieferung von Jürgen Schneider
1996-03-04,Terroranschlag in Tel Aviv
1996-04-12,Brandkatastrophe am Düsseldorfer Flughafen am 11. April
1996-04-18,israelischer Luftangriff auf libanesisches Flüchtlingslager Kana
1996-04-24,Sparpolitik
1996-04-27,Ende der Reemtsma-Entführung am 26. April
1996-05-08,Castor-Transport
1996-05-30,Wahl von Benjamin Netanjahu zum israelischen Ministerpräsidenten am 29. Mai
1996-07-12,Marsch des Oranier-Ordens
1996-07-18,Flugzeugabsturz vor Long Island am 17. Juli
1996-07-27,Anschlag auf die Olympischen Spiele in Atlanta
1996-09-03,US-Luftangriffe auf Irak
1996-09-26,Tunnelöffnung unter dem Jerusalemer Tempelberg am 25. September
1996-10-17,Entlassung des russischen Sicherheitsberaters Alexander Iwanowitsch Lebed
1996-10-19,Entführung von Jakub Fiszman
1996-11-06,Wiederwahl von US-Präsident Bill Clinton am 5. November
1996-11-13,Erster Kongokrieg
1996-11-29,Rücktritt des VW-Vorstands José Ignacio López de Arriortúa
1996-12-19,Geiselnahme in Lima
1997-01-16,Festnahme im Mordfall Kim
1997-02-03,Massendemonstration in Belgrad
1997-03-05,Castor-Transport
1997-03-13,Kohlekompromiss im Ruhrbergbau
1997-03-13,Ausnahmezustand in Albanien
1997-05-02,Parlamentswahl in Großbritannien am 1. Mai
1997-06-30,Rückgabe der britischen Kronkolonie Hongkong an China am 1. Juli
1997-07-17,Reparatur an der russischen Raumstation Mir
1997-07-23,Oder-Hochwasser
1997-07-25,Oder-Hochwasser
1997-07-30,Terroranschlag in Jerusalem
1997-07-31,Oder-Hochwasser
1997-08-13,Nestlé-Erpressung
1997-08-25,Urteile im Politbüroprozess
1997-08-31,Autounfall von Prinzessin Diana
1997-09-15,Flugzeugabsturz vor Namibia am 13. September
1997-09-18,Terroranschlag in Kairo
1997-09-26,Waldbrände in Südostasien
1997-10-09,Mordfall Matthias Hintze
1997-11-17,Anschlag von Luxor
1998-01-27,Lewinsky-Affäre
1998-03-02,Situation nach der Landtagswahl in Niedersachsen am 1. März
1998-03-09,serbischer Vergeltungsschlag im Kosovo
1998-03-30,Festnahme des Reemtsma-Entführers Thomas Drach am 28. März
1998-04-27,Situation nach der Landtagswahl in Sachsen-Anhalt am 26. April
1998-05-07,Fusion von DaimlerChrysler
1998-05-13,Staatsbesuch von US-Präsident Bill Clinton in Deutschland
1998-05-27,Veto der EU-Kommission gegen Fusion der Kirch-Gruppe mit Bertelsmann
1998-06-03,ICE-Unfall von Eschede
1998-06-04,ICE-Unfall von Eschede am 3. Juni
1998-08-17,Befragung von US-Präsident Bill Clinton in der Lewinsky-Affäre
1998-08-18,Befragung von US-Präsident Bill Clinton in der Lewinsky-Affäre am 17. August
1998-08-21,US-Luftangriffe auf Sudan und Afghanistan am 20. August
1998-08-24,Entlassung des russischen Ministerpräsidenten Sergei Wladilenowitsch Kirijenko am 23. August
1998-08-28,Russlandkrise
1998-09-03,Flugzeugabsturz vor Kanada am 2. September
1998-09-07,Rücktritt des Fußballbundestrainers Berti Vogts
1998-09-28,Situation nach der Bundestagswahl am 27. September
1998-11-02,Rhein-Hochwasser
1998-11-04,Hurrikan Mitch in Mittelamerika
1998-12-17,US-Luftangriffe auf Irak
1998-12-18,US-Luftangriffe auf Irak
1999-01-26,Gespräche über Atomausstieg
1999-02-08,Tod des jordanischen Königs Hussein I. am 7. Februar
1999-02-09,Lawinenunglücke in den Alpen
1999-02-10,Lawinenunglücke in den Alpen
1999-02-16,Entführung von Abdullah Öcalan aus Nairobi am 15. Februar
1999-02-17,Kurdenunruhen in Berlin nach Entführung von Abdullah Öcalan
1999-02-23,Lawinenunglücke in den Alpen
1999-02-24,Lawinenunglücke in den Alpen
1999-02-25,Lawinenunglücke in den Alpen
1999-03-11,Rücktritt des SPD-Vorsitzenden und Bundesfinanzministers Oskar Lafontaine
1999-03-12,Situation nach dem Rücktritt von Oskar Lafontaine
1999-03-16,Rücktritt der EU-Kommission
1999-03-24,Beginn des Kosovokriegs
1999-03-25,Kosovokrieg
1999-03-28,Kosovokrieg
1999-03-29,Kosovokrieg
1999-03-30,Kosovokrieg
1999-03-31,Kosovokrieg
1999-04-01,Kosovokrieg
1999-04-03,Kosovokrieg
1999-04-05,Kosovokrieg
1999-04-06,Kosovokrieg
1999-04-07,Kosovokrieg
1999-04-09,Kosovokrieg
1999-04-12,Kosovokrieg
1999-04-13,Kosovokrieg
1999-04-14,Kosovokrieg
1999-04-15,Kosovokrieg
1999-04-16,Kosovokrieg
1999-04-19,Kosovokrieg
1999-04-20,Kosovokrieg
1999-04-21,Amoklauf an der Columbine High School am 20. April
1999-04-21,Kosovokrieg
1999-04-22,Kosovokrieg
1999-04-23,Kosovokrieg
1999-04-26,Kosovokrieg
1999-04-27,Kosovokrieg
1999-04-28,Kosovokrieg
1999-04-29,Kosovokrieg
1999-05-02,Kosovokrieg
1999-05-06,Kosovokrieg
1999-05-07,Kosovokrieg
1999-05-10,Kosovokrieg
1999-05-13,Grünen-Parteitag in Bielefeld
1999-05-22,Hochwasser in den Alpen
1999-05-29,Brand im Tauerntunnel
1999-06-03,Kosovokrieg
1999-06-07,Kosovokrieg
1999-06-10,Ende des Kosovokriegs
1999-06-13,Mord an drei Stern-Reportern im Kosovo
1999-06-14,Einrücken der KFOR-Truppen im Kosovo am 12. Juni
1999-06-17,Rückkehr von Flüchtlingen aus dem Kosovokrieg
1999-07-19,"Flugzeugabsturz von John F. Kennedy, Jr. am 16. Juli"
1999-08-11,totale Sonnenfinsternis
1999-08-17,Erdbeben von Gölcük
1999-08-18,Erdbeben von Gölcük am 17. August
1999-08-19,Festnahme des Mörders Dieter Zurwehme
1999-09-06,Situation nach der Landtagswahl in Brandenburg und im Saarland am 5. September
1999-09-20,Situation nach der Landtagswahl in Sachsen am 19. September
1999-09-21,Jiji-Erdbeben
1999-11-22,drohender Konkurs der Philipp Holzmann AG
1999-11-24,Rettung der Philipp Holzmann AG
1999-11-26,Rücktritt des niedersächsischen Ministerpräsidenten Gerhard Glogowski (SPD)
1999-11-30,Interview mit Helmut Kohl in der CDU-Spendenaffäre
1999-12-15,Zweiter Tschetschenienkrieg
1999-12-22,Verurteilung von Monika Böttcher
1999-12-26,Orkan Lothar
1999-12-29,Ermittlungen gegen Helmut Kohl in der CDU-Spendenaffäre
1999-12-31,Rücktritt des russischen Präsidenten Boris Jelzin
2000-01-17,Mandatsniederlegung des CDU-Abgeordneten Manfred Kanther
2000-01-18,Rücktritt des CDU-Ehrenvorsitzenden Helmut Kohl
2000-02-04,CDU-Spendenaffäre
2000-02-06,Eisenbahnunfall von Brühl
2000-02-10,Regierungskrise in Hessen
2000-02-15,Millionenstrafe für die CDU in der CDU-Spendenaffäre
2000-02-16,Rücktritt des CDU-Partei- und CDU/CSU-Bundestagsfraktionsvorsitzenden Wolfgang Schäuble
2000-03-01,Hochwasser in Mosambik
2000-03-28,Lawinenunglück in Kaprun
2000-04-05,Scheitern der Bankenfusion von Deutscher Bank und Dresdner Bank
2000-05-03,Geiselnahme auf den Philippinen
2000-06-10,Zugunglück auf der Zugspitze
2000-06-14,Polizistenmord in Dortmund
2000-06-29,Urteil zur Stasi-Akte von Helmut Kohl
2000-07-12,Notlandung in Wien
2000-07-17,Freilassung von Renate Wallert auf Jolo
2000-07-25,Flugzeugabsturz in Paris
2000-07-25,Scheitern der Verhandlungen in Camp David
2000-07-26,Flugzeugabsturz in Paris am 25. Juli
2000-07-27,Sprengstoffanschlag in Düsseldorf
2000-08-15,Untergang der Kursk am 12. August
2000-08-16,Untergang der Kursk am 12. August
2000-08-17,Untergang der Kursk am 12. August
2000-08-18,Untergang der Kursk am 12. August
2000-08-19,Untergang der Kursk am 12. August
2000-08-20,Untergang der Kursk am 12. August
2000-08-21,Untergang der Kursk am 12. August
2000-08-21,Busunglück
2000-09-09,Freilassung von Marc Wallert auf Jolo
2000-09-27,Untergang der Express Samina
2000-10-05,Volksaufstand in Jugoslawien
2000-10-06,Rücktritt des jugoslawischen Präsidenten Slobodan Milošević
2000-10-12,Zweite Intifada
2000-10-16,Hochwasser in den Alpen
2000-10-18,Hochwasser in den Alpen
2000-10-21,Rücktritt von Christoph Daum als Trainer von Bayer 04 Leverkusen
2000-11-03,Flucht des Mörders Frank Schmökel
2000-11-08,US-Präsidentschaftswahl am 7. November
2000-11-11,Seilbahnunglück von Kaprun
2000-11-24,BSE-Krise
2001-01-09,Rücktritt der Bundesminister Andrea Fischer (Bündnis 90/Die Grünen) und Karl-Heinz Funke (SPD)
2001-03-09,Mordfall Ulrike
2001-06-07,Bruch der Koalition in Berlin
2001-06-21,G8-Gipfel in Genua
2001-06-30,Hochwasser in Polen
2001-08-09,Terroranschlag in Jerusalem
2001-09-11,Terroranschläge in den USA
2001-09-12,Terroranschläge in den USA
2001-09-13,Terroranschläge in den USA
2001-09-14,Terroranschläge in den USA
2001-09-15,Terroranschläge in den USA
2001-09-16,Terroranschläge in den USA
2001-09-27,Zuger Attentat
2001-10-07,Beginn des Afghanistankriegs
2001-10-08,Afghanistankrieg
2001-10-09,Anthrax-Anschläge
2001-10-10,Afghanistankrieg
2001-10-12,Afghanistankrieg
2001-10-17,Afghanistankrieg
2001-10-19,Afghanistankrieg
2001-10-24,Unfall im Gotthardtunnel
2001-11-02,Milzbrand-Verdacht in Deutschland
2001-11-06,Afghanistankrieg
2001-11-12,Flugzeugabsturz in New York
2001-11-13,Vertrauensfrage des Bundeskanzlers Gerhard Schröder und Eroberung Kabuls im Afghanistankrieg
2001-11-16,Vertrauensfrage des Bundeskanzlers Gerhard Schröder
2002-03-06,Unfall der Bundeswehr in Kabul
2002-03-22,Eklat beim Zuwanderungsgesetz im Bundesrat
2002-04-18,Flugzeugabsturz in Mailand
2002-04-26,Amoklauf von Erfurt
2002-04-27,Amoklauf von Erfurt
2002-05-22,Staatsbesuch von US-Präsident George W. Bush in Berlin
2002-06-05,Karsli-Affäre
2002-06-22,Rücktritt des brandenburgischen Ministerpräsidenten Manfred Stolpe (SPD)
2002-07-02,Flugzeugkollision von Überlingen am 1. Juli
2002-07-11,Sturm in Norddeutschland
2002-07-18,Entlassung des Bundesverteidigungsministers Rudolf Scharping (SPD)
2002-08-12,Elbe-Hochwasser
2002-08-13,Elbe-Hochwasser
2002-08-14,Elbe-Hochwasser
2002-08-15,Elbe-Hochwasser
2002-08-16,Elbe-Hochwasser
2002-08-17,Elbe-Hochwasser
2002-08-18,Elbe-Hochwasser
2002-08-19,Elbe-Hochwasser
2002-08-20,Elbe-Hochwasser
2002-08-21,Elbe-Hochwasser
2002-08-22,Elbe-Hochwasser
2002-09-23,Situation nach der Bundestagswahl am 22. September
2002-10-01,Mord an Jakob von Metzler durch Magnus Gäfgen
2002-10-13,Terroranschlag von Bali am 12. Oktober
2002-10-18,Geiselnahme an einer Schule in Waiblingen
2002-10-24,Geiselnahme im Moskauer Dubrowka-Theater
2002-10-25,Geiselnahme im Moskauer Dubrowka-Theater
2002-10-26,Geiselnahme im Moskauer Dubrowka-Theater
2002-10-28,Sturm in Mitteleuropa
2002-11-01,Erdbeben in San Giuliano di Puglia am 31. Oktober
2002-11-06,Flugzeugabsturz in Luxemburg und Zugbrand in Nancy
2002-11-19,Untergang des Öltankers Prestige
2003-01-03,Kältewelle
2003-01-04,Kältewelle
2003-02-01,Absturz der Raumfähre Columbia
2003-02-02,Absturz der Raumfähre Columbia am 1. Februar
2003-02-05,Vorlage von „Beweisen“ für irakische Massenvernichtungswaffen durch US-Außenminister Colin Powell vor dem UN-Sicherheitsrat
2003-02-14,Bericht der UNO-Waffeninspekteure im Irak
2003-03-17,Ultimatum des US-Präsidenten George W. Bush an den Irak
2003-03-18,Vorbereitung des Irakkriegs
2003-03-19,Vorbereitung des Irakkriegs
2003-03-20,Beginn des Irakkriegs
2003-03-21,Irakkrieg
2003-03-23,Irakkrieg
2003-03-24,Irakkrieg
2003-03-25,Irakkrieg
2003-03-26,Irakkrieg
2003-03-27,Irakkrieg
2003-03-28,Irakkrieg
2003-04-03,Irakkrieg
2003-04-04,Irakkrieg
2003-04-05,Irakkrieg
2003-04-06,Irakkrieg
2003-04-07,Irakkrieg
2003-04-08,Irakkrieg
2003-04-09,Eroberung Bagdads im Irakkrieg
2003-04-10,Irakkrieg
2003-04-11,Irakkrieg
2003-05-08,Busunglück in Ungarn
2003-05-14,Befreiung eines Teils der Geiseln in Algerien am 13. Mai
2003-05-17,Busunglück in Lyon
2003-06-05,Selbstmord von Jürgen Möllemann (FDP)
2003-08-15,Stromausfall in den USA am 14. August
2003-08-19,Entlassung des Hamburger Innensenators Ronald Schill (PRO)
2003-08-29,Terroranschlag in Nadschaf
2003-09-11,Mord an der schwedischen Außenministerin Anna Lindh
2003-09-18,Hurrikan Isabel in den USA
2003-10-27,Terroranschläge auf Internationales Rotes Kreuz in Bagdad
2003-11-15,Terroranschläge in Istanbul
2003-11-20,Terroranschläge in Istanbul
2003-12-09,Bruch der Koalition in Hamburg
2003-12-14,Festnahme von Saddam Hussein am 13. Dezember
2003-12-15,Einigung des Vermittlungsausschusses zur Einführung von Hartz IV
2003-12-27,Erdbeben im Iran am 26. Dezember
2003-12-28,Erdbeben im Iran am 26. Dezember
2004-02-06,Rücktritt von Gerhard Schröder als SPD-Vorsitzender
2004-03-04,Nominierung von Horst Köhler (CDU) und Gesine Schwan (SPD) zu Bundespräsidentschaftskandidaten
2004-03-11,Madrider Zuganschläge
2004-06-24,Rücktritt des Fußballbundestrainers Rudi Völler
2004-09-01,Geiselnahme von Beslan
2004-09-02,Geiselnahme von Beslan
2004-09-03,Beendigung der Geiselnahme von Beslan
2004-09-20,Situation nach der Landtagswahl in Brandenburg und Sachsen am 19. September
2004-10-14,Streik bei Opel
2004-11-03,Wiederwahl von US-Präsident George W. Bush am 2. November
2004-12-27,Sumatra-Andamanen-Beben am 26. Dezember
2004-12-28,Sumatra-Andamanen-Beben am 26. Dezember
2004-12-29,Sumatra-Andamanen-Beben am 26. Dezember
2004-12-30,Sumatra-Andamanen-Beben am 26. Dezember
NA,Sumatra-Andamanen-Beben am 26. Dezember 2004
NA,Fußball-Wettskandal
NA,Schneechaos
NA,gescheiterte Wiederwahl der schleswig-holsteinischen Ministerpräsidentin Heide Simonis (SPD)
NA,„Jobgipfel“
NA,Papst Johannes Paul II. liegt im Sterben
NA,Papst Johannes Paul II. liegt im Sterben
NA,Tod des Papstes Johannes Paul II. am 2. April
NA,Beginn des Konklave
NA,Wahl des Papstes Benedikt XVI.
NA,Situation nach der Landtagswahl in Nordrhein-Westfalen am 22. Mai
NA,Vertrauensfrage des Bundeskanzlers Gerhard Schröder
NA,Terroranschläge in London
NA,Auflösung des Bundestages
NA,Hochwasser in den Alpen
NA,Hochwasser in den Alpen
NA,Hurrikan Katrina
NA,Hurrikan Katrina am 29. August
NA,Hurrikan Katrina am 29. August
NA,Hurrikan Katrina am 29. August
NA,Rücktritt des Bundeskanzlers Gerhard Schröder (SPD)
NA,Rücktritt des SPD-Vorsitzenden Franz Müntefering
NA,Unruhen in Frankreich
NA,Wahl von Angela Merkel (CDU) zur Bundeskanzlerin
NA,Münsterländer Schneechaos
NA,Münsterländer Schneechaos
NA,Entführung von Susanne Osthoff im Irak
NA,Einsturz der Eislaufhalle Bad Reichenhall
NA,Einsturz der Eislaufhalle Bad Reichenhall am 2. Januar
NA,Schneechaos
NA,Vogelgrippe H5N1
NA,Doping bei den Olympischen Winterspielen in Turin
NA,Schneechaos
NA,Schneechaos
NA,Vogelgrippe H5N1
NA,Rücktritt des SPD-Vorsitzenden Matthias Platzeck
NA,Terroranschläge in Dahab am 24. April
NA,Ausschluss von Jan Ullrich von der Tour de France
NA,Rücktritt des Fußballbundestrainers Jürgen Klinsmann
NA,Hitzewelle
NA,Libanonkrieg
NA,Dopingverdacht gegen Tour-de-France-Sieger Floyd Landis
NA,Libanonkrieg
NA,Terrorismusalarm in Großbritannien
NA,Transrapid-Unfall im Emsland
NA,Skandal um Leichenschändung von Bundeswehrsoldaten in Afghanistan
NA,US-Kongresswahl am 7. November
NA,Amoklauf von Emsdetten
NA,Hinrichtung von Saddam Hussein
NA,Orkan Kyrill
NA,Rücktritt des CSU-Vorsitzenden und bayerischen Ministerpräsidenten Edmund Stoiber
NA,Orkan Kyrill am 18. Januar
NA,Amoklauf in Blacksburg am 16. April
NA,Dopinggeständnis von Erik Zabel und Rolf Aldag
NA,Busunglück in Sachsen-Anhalt
NA,Waldbrände in Griechenland
NA,Terrorismusalarm
NA,Rücktritt des Bundesarbeitsministers und Vizekanzlers Franz Müntefering (SPD)
NA,Situation nach den Landtagswahlen in Hessen und in Niedersachsen am 27. Januar
NA,Rücktritt des sächsischen Ministerpräsidenten Georg Milbradt (CDU)
NA,Erdbeben in China am 12. Mai
NA,Erdbeben in China am 12. Mai
NA,Flugzeugabsturz in Madrid
NA,Rücktritt des SPD-Vorsitzenden Kurt Beck
NA,Situation nach der Landtagswahl in Bayern am 28. September
NA,Finanzkrise
NA,gescheiterte Wahl von Andrea Ypsilanti (SPD) zur hessischen Ministerpräsidentin
NA,Wahl von US-Präsident Barack Obama am 4. November
NA,Busunglück in Hannover
NA,Terroranschläge in Mumbai
NA,Gaza-Krieg
NA,Kältewelle
NA,Streit um Bischof Richard Williamson
NA,Opel-Krise
NA,Amoklauf von Winnenden
NA,Amoklauf von Winnenden am 11. März
NA,Staatsbesuch von US-Präsident Barack Obama in Deutschland
NA,Erdbeben von L’Aquila
NA,Suspendierung von Jürgen Klinsmann als Trainer des FC Bayern München
NA,Warnung der Weltgesundheitsorganisation vor einer Schweinegrippe-Pandemie
NA,Flugzeugabsturz im Atlantik
NA,Insolvenz von Arcandor
NA,Proteste nach der iranischen Präsidentschaftswahl am 12. Juni
NA,Proteste nach der iranischen Präsidentschaftswahl am 12. Juni
NA,Situation nach der Bundestagswahl am 27. September
NA,Rücktritt des Bundesarbeitsministers Franz Josef Jung
NA,Erdbeben in Haiti am 12. Januar
NA,Erdbeben in Haiti am 12. Januar
NA,Erdbeben in Haiti am 12. Januar
NA,Terroranschläge in Moskau
NA,Tod des polnischen Präsidenten Lech Kaczyński beim Flugzeugabsturz bei Smolensk
NA,Tod von vier Bundeswehrsoldaten in Afghanistan
NA,Aschewolke
NA,Aschewolke
NA,Aschewolke
NA,Beantragung von EU-Hilfen durch Griechenland
NA,Situation nach der Landtagswahl in Nordrhein-Westfalen am 9. Mai
NA,Michael Ballack kann verletzungsbedingt nicht an der Fußball-Weltmeisterschaft 2010 teilnehmen.
NA,Rücktritt des Bundespräsidenten Horst Köhler
NA,Regierungsklausur
NA,Wahl von Christian Wulff (CDU) zum Bundespräsidenten
NA,Unglück bei der Loveparade
NA,Unglück bei der Loveparade am 24. Juli
NA,Unglück bei der Loveparade am 24. Juli
NA,Hochwasser in Pakistan
NA,Hochwasser in Pakistan
NA,Niederschlagung der Demonstration gegen Stuttgart 21
NA,Veröffentlichung geheimer Dokumente durch WikiLeaks am 28. November
NA,Schneechaos
NA,Schneechaos
NA,Schneechaos
NA,Terroranschlag am Flughafen Moskau-Domodedowo
NA,Aufstand in Ägypten
NA,Aufstand in Ägypten
NA,Aufstand in Ägypten
NA,Aufstand in Ägypten
NA,Aufstand in Ägypten
NA,Aufstand in Ägypten
NA,Rücktritt des ägyptischen Präsidenten Husni Mubarak
NA,Libyscher Bürgerkrieg
NA,Rücktritt des Bundesverteidigungsministers Karl-Theodor zu Guttenberg
NA,Tōhoku-Erdbeben
NA,Nuklearkatastrophe von Fukushima am 11. März
NA,Nuklearkatastrophe von Fukushima am 11. März
NA,Nuklearkatastrophe von Fukushima am 11. März
NA,Nuklearkatastrophe von Fukushima am 11. März
NA,Nuklearkatastrophe von Fukushima am 11. März
NA,Nuklearkatastrophe von Fukushima am 11. März
NA,Beginn des Libyen-Kriegs
NA,Libyen-Krieg
NA,Libyen-Krieg
NA,Situation nach der Landtagswahl in Baden-Württemberg am 27. März
NA,Nuklearkatastrophe von Fukushima am 11. März
NA,Tötung Osama bin Ladens
NA,Rettungspaket für Portugal
NA,Terroranschläge in Norwegen am 22. Juli
NA,Kursstürze an der Börse
NA,Eroberung von Tripolis
NA,Mord an Muammar al-Gaddafi
NA,EU-Gipfel in Brüssel
NA,Rücktritt des Bundespräsidenten Christian Wulff
NA,Landtagsauflösung in Nordrhein-Westfalen
NA,Entlassung des Bundesumweltministers Norbert Röttgen
NA,Fußballkrawall in Düsseldorf am 15. Mai
NA,Entscheidung des Bundesverfassungsgerichts zum Europäischen Stabilitätsmechanismus
NA,Ernennung von Peer Steinbrück zum SPD-Kanzlerkandidaten und Rücktritt des rheinland-pfälzischen Ministerpräsidenten Kurt Beck
NA,Hurrikan Sandy in den USA am 29. Oktober
NA,Wiederwahl von US-Präsident Barack Obama am 6. November
NA,Gaza-Konflikt
NA,Brand in Titisee-Neustadt
NA,Situation nach der Landtagswahl in Niedersachsen am 20. Januar
NA,Rücktritt von Papst Benedikt XVI.
NA,Schneechaos
NA,Situation nach dem Anschlag auf den Boston-Marathon am 15. April
NA,Situation nach dem Anschlag auf den Boston-Marathon am 15. April
NA,Beginn des Gerichtsprozesses gegen den NSU
NA,Moore-Tornado am 20. Mai
NA,Hochwasser in Deutschland
NA,Hochwasser in Deutschland
NA,Hochwasser in Deutschland
NA,Hochwasser in Deutschland
NA,Hochwasser in Deutschland
NA,Hochwasser in Deutschland
NA,Hochwasser in Deutschland
NA,Hochwasser in Deutschland
NA,Hochwasser in Deutschland
NA,Hochwasser in Deutschland
NA,Hochwasser in Deutschland
NA,Proteste in der Türkei
NA,Militärputsch in Ägypten
NA,Gluthitze und Unwetter über Deutschland
NA,Personalengpässe bei der Deutschen Bahn (Mainz Hauptbahnhof)
NA,Gewalt in Ägypten nach dem Umsturz der Regierung
NA,Situation nach der Bundestagswahl am 22. September
NA,Strafbefehl gegen Bischof Franz-Peter Tebartz-van Elst
NA,Situation nach dem Taifun Haiyan auf den Philippinen am 8. November
NA,Situation nach dem Taifun Haiyan auf den Philippinen am 8. November
NA,Situation nach dem Taifun Haiyan auf den Philippinen am 8. November
NA,"Einigung auf den Koalitionsvertrag zwischen CDU, CSU und SPD"
NA,Orkan Xaver über Norddeutschland
NA,Orkan Xaver über Norddeutschland
NA,Demonstrationen in Kiew
NA,Rücktritt von Agrarminister Hans-Peter Friedrich wegen der Edathy-Affäre
NA,Eskalation der Demonstrationen in der Ukraine
NA,Eskalation der Demonstrationen in der Ukraine
NA,Umsturz in der Ukraine
NA,Möglicher Einsatz russischer Streitkräfte auf der Krim
NA,Situation nach der russischen Intervention auf der Krim
NA,Mögliche Abspaltung der Krim
NA,Urteil im Prozess gegen Uli Hoeneß
NA,Situation nach dem Referendum auf der Krim am 16. März
NA,Bestätigung des Absturzes von Malaysia-Airlines-Flug 370 am 8. März
NA,Streik der Lufthansa-Piloten
NA,Lage zur Krise in der Ukraine
NA,Lage zur Krise in der Ukraine
NA,Grubenunglück in Soma
NA,Unwetter über Deutschland
NA,Angriffe der Terrorgruppe ISIS im Irak
NA,Absturz des Malaysia-Airlines-Flugs 17 in der Ukraine
NA,Situation nach dem Absturz des Malaysia-Airlines-Flugs 17 am 17. Juli
NA,Gaza-Konflikt
NA,Vormarsch der Terrorgruppe IS im Irak
NA,Luftangriffe der Vereinigten Staaten gegen die Terrorgruppe IS
NA,Vormarsch der Terrorgruppe IS auf die kurdische Stadt Kobanê in Syrien
NA,Streik der Lokführer der Deutschen Bahn
NA,Terroranschlag in einer Synagoge in Jerusalem
NA,Unruhen in Ferguson
NA,Wahl von Bodo Ramelow zum ersten Ministerpräsidenten der Linkspartei in Thüringen
NA,Angriff auf eine Schule in Pakistan
NA,Anschlag auf die Redaktion von Charlie Hebdo in Paris
NA,Situation nach dem Anschlag auf die Redaktion von Charlie Hebdo am 7. Januar
NA,Situation nach dem Anschlag auf die Redaktion von Charlie Hebdo am 7. Januar
NA,Trauermarsch in Paris nach dem Anschlag auf die Redaktion von Charlie Hebdo am 7. Januar
NA,Entscheidung der Europäischen Zentralbank zum Ankauf von Staatsanleihen
NA,Situation nach der Parlamentswahl in Griechenland am 25. Januar
NA,Ukraine-Krisengipfel in Minsk
NA,Ergebnisse des Ukraine-Krisengipfels in Minsk
NA,Rückzug der ukrainischen Armee aus Debalzewe
NA,"Ausschreitungen militanter Demonstranten bei der Eröffnung des Neubaus der Europäischen Zentralbank
Anschlag auf das Nationalmuseum von Bardo in Tunesien"
NA,Absturz von Germanwings-Flug 9525 über Südfrankreich
NA,Situation nach dem Absturz von Germanwings-Flug 9525 am 24. März
NA,Mutmaßliche Ursache des Absturzes von Germanwings-Flug 9525 am 24. März
NA,Flüchtlingskatastrophe im Libyschen Meer
NA,Erdbeben in Nepal am 25. April
NA,Korruptionsvorwürfe gegen die FIFA
NA,Rücktritt von FIFA-Präsident Sepp Blatter
NA,G7-Gipfel auf Schloss Elmau
NA,Anschlag in Port El-Kantaoui
NA,Scheitern der Verhandlungen zwischen Griechenland und seinen Gläubigern
NA,Situation nach dem Scheitern der Verhandlungen zwischen Griechenland und seinen Gläubigern am 27. Juni
NA,Situation nach dem Scheitern der Verhandlungen zwischen Griechenland und seinen Gläubigern am 27. Juni
NA,Referendum in Griechenland
NA,Situation nach dem Referendum in Griechenland vom 5. Juli
NA,Vorverhandlungen über ein drittes Hilfspaket für Griechenland
NA,Ergebnisse der Vorverhandlungen über ein drittes Hilfspaket für Griechenland
NA,Flüchtlingstragödie bei Parndorf
NA,"Hetze und Gewalt gegen Flüchtlinge, u. a. in Heidenau"
NA,Flüchtlingskrise in Europa
NA,Flüchtlingskrise in Europa
NA,Flüchtlingskrise in Europa
NA,Flüchtlingskrise in Europa
NA,Flüchtlingskrise in Europa
NA,Flüchtlingskrise in Europa
NA,VW-Abgasskandal
NA,Rücktritt des VW-Vorstandsvorsitzenden Martin Winterkorn
NA,Betrugsvorwürfe gegen den Deutschen Fußball-Bund im Rahmen der Vergabe der Fußball-Weltmeisterschaft 2006
NA,Rücktritt des DFB-Präsidenten Wolfgang Niersbach
NA,Terroranschläge am 13. November in Paris
NA,Terroranschläge am 13. November in Paris
NA,Terroranschläge am 13. November in Paris
NA,Terroranschläge am 13. November in Paris
NA,Anschlag auf das Radisson Blu Hotel in Bamako
NA,Sexuelle Übergriffe in der Silvesternacht 2015/16
NA,Sexuelle Übergriffe in der Silvesternacht 2015/16
NA,Terroranschlag in Istanbul
NA,Eisenbahnunfall von Bad Aibling
NA,Flüchtlingskrise in Europa
NA,"Landtagswahlen in Baden-Württemberg, Rheinland-Pfalz und Sachsen-Anhalt am 13. März"
NA,Festnahme von Salah Abdeslam bei einer Razzia in Brüssel
NA,Terroranschläge in Brüssel
NA,Terroranschläge in Brüssel am 22. März
NA,Massenrückruf im Abgasskandal
NA,Unwetter in Deutschland
NA,Unwetter in Deutschland
NA,Flüchtlingskrise in Europa
NA,Amoklauf von Orlando
NA,Ausschluss der russischen Leichtathleten von den Olympischen Spielen durch die IAAF
NA,Referendum über den Verbleib des Vereinigten Königreichs in der Europäischen Union am 23. Juni
NA,Terroranschlag in Istanbul am 28. Juni
NA,Attentat auf Polizisten in Dallas am 7. Juli
NA,Anschlag in Nizza am 14. Juli
NA,Putschversuch in der Türkei am 15. Juli
NA,Angriff bei Würzburg am 18. Juli
NA,Anschlag in München
NA,Sprengstoffanschlag in Ansbach am 24. Juli
NA,Erdbeben von Accumoli am 24. August
NA,Wahl Donald Trumps zum US-Präsidenten am 8. November
NA,Bürgerkrieg in Syrien
NA,Anschlag auf den Berliner Weihnachtsmarkt an der Gedächtniskirche am 19. Dezember
NA,Erschießung von Anis Amri
NA,Scheitern des NPD-Verbotsverfahrens
NA,Ernennung von Martin Schulz zum SPD-Kanzlerkandidaten und Rücktritt des SPD-Vorsitzenden Sigmar Gabriel
NA,Terroranschlag in London
NA,Bombenexplosion in St. Petersburg
NA,Terroranschlag in Stockholm
NA,Luftschlag der USA in Syrien
NA,Anschlag auf den Mannschaftsbus von Borussia Dortmund am 11. April
NA,Verfassungsreferendum in der Türkei
NA,Präsidentschaftswahl in Frankreich
NA,Landtagswahl in Nordrhein-Westfalen am 14. Mai
NA,Terroranschlag in Manchester am 22. Mai
NA,US-Präsident Donald Trump beim G7-Gipfel in Taormina
NA,Terroranschlag in London am 3. Juni
NA,Bustragödie bei Münchberg
NA,G20-Gipfel in Hamburg am 7. und 8. Juli
NA,G20-Gipfel in Hamburg
NA,G20-Gipfel in Hamburg
NA,Mögliche Fahrverbote für Fahrzeuge mit Dieselmotoren
NA,Terroranschlag in Barcelona am 17. August
NA,Erdbeben in Mexiko am 19. September
NA,Situation nach der Bundestagswahl am 24. September
NA,Massenmord in Las Vegas am 1. Oktober
NA,"Scheitern der Sondierungsgespräche zwischen CDU, FDP, Bündnis 90/Die Grünen und CSU am 19. November"
NA,Entscheidung des IOC über die Teilnahme Russlands bei den Olympischen Winterspielen 2018
NA,Sturmtief Friederike
NA,"Einigung auf einen Koalitionsvertrag zwischen CDU, CSU und SPD"
NA,Urteil über Fahrverbote für Fahrzeuge mit Dieselmotoren
NA,Luftangriff auf Syrien
NA,Treffen von Kim Jong-un und Moon Jae-in
NA,Proteste zur Eröffnung der Botschaft der Vereinigten Staaten in Jerusalem
NA,Gipfeltreffen in Singapur
NA,Regierungskrise in Deutschland
NA,Urteil im NSU-Prozess
NA,Treffen von Donald Trump und Wladimir Wladimirowitsch Putin
NA,Extremsommer in Deutschland
NA,Ausschreitungen in Chemnitz am 26. und 27. August
NA,Landtagswahl in Bayern am 14. Oktober
NA,Verzicht Angela Merkels auf den Parteivorsitz der CDU
NA,Winterchaos
NA,Winterchaos
NA,Lawinengefahr
NA,EU-Austritt des Vereinigten Königreichs
NA,Busunglück auf Madeira am 17. April
NA,Situation nach der Europawahl vom 23. bis 26. Mai
NA,Rücktritt der SPD-Partei- und SPD-Bundestagsfraktionsvorsitzenden Andrea Nahles
NA,Mord an Walter Lübcke am 2. Juni
NA,Mord an Walter Lübcke am 2. Juni
NA,Waldbrand bei Lübtheen
NA,Ergebnis von Ursula von der Leyen bei der Wahl zur EU-Kommissionspräsidentin
NA,Rekordhitze in Deutschland
NA,Landtagswahlen in Brandenburg und Sachsen am 1. September
NA,Globaler Klimastreik und Beschlüsse des Klimakabinetts
NA,Insolvenz der Thomas Cook Group
NA,Anschlag in Halle
NA,Türkische Militäroffensive in Nordsyrien
NA,USA-Iran-Krise
NA,Politische Krise in Thüringen
NA,Politische Krise in Thüringen
NA,Rücktritt der CDU-Vorsitzenden Annegret Kramp-Karrenbauer
NA,Anschlag in Hanau am 19. Februar
NA,Explosionskatastrophe im Hafen von Beirut am 4. August
NA,Brand im griechischem Flüchtlingslager Moria
NA,Situation auf Lesbos nach dem Brand im griechischem Flüchtlingslager Moria am 8. und 9. September
NA,Terroranschlag in Wien am 2. November
NA,Präsidentschaftswahl in den Vereinigten Staaten am 3. November
NA,Präsidentschaftswahl in den Vereinigten Staaten am 3. November
NA,Präsidentschaftswahl in den Vereinigten Staaten am 3. November
NA,Sturm auf das US-Kapitol am 6. Januar
NA,Amtseinführung von Joe Biden als 46. Präsident der Vereinigten Staaten
NA,Urteil im Mordprozess Walter Lübcke
NA,Folgen für die CDU nach den Landtagswahlen in Baden-Württemberg und Rheinland-Pfalz
NA,Chaos in der Corona-Krise
NA,Bombenbeschüsse und Luftangriffe im Nahost-Konflikt zwischen Israel und den Palästinensern
NA,Unwetterkatastrophe in Deutschland
NA,Unwetterkatastrophe in Deutschland
NA,Unwetterkatastrophe in Deutschland
NA,Unwetterkatastrophe in Deutschland
NA,Unwetterkatastrophe in Deutschland
NA,Taliban vor Machtübernahme in Afghanistan
NA,Chaos nach Machtübernahme der Taliban in Afghanistan
NA,Stand der deutschen Rettungsaktion nach Machtübernahme der Taliban in Afghanistan
NA,Ende der deutschen Rettungsaktion nach Machtübernahme der Taliban in Afghanistan
NA,Ein Tag nach der Bundestagswahl
NA,Abschluss der Ampel-Koalitionsverhandlungen
NA,Missbrauchsgutachten belastet Papst Benedikt XVI.
NA,Ukraine-Konflikt
NA,Einmarsch Russlands in die Ukraine
NA,Krieg in der Ukraine
NA,Krieg in der Ukraine
NA,Krieg in der Ukraine
NA,Krieg in der Ukraine
NA,Krieg in der Ukraine
NA,Krieg in der Ukraine
NA,Krieg in der Ukraine
NA,Krieg in der Ukraine
NA,Krieg in der Ukraine
NA,Krieg in der Ukraine
NA,Krieg in der Ukraine
NA,Krieg in der Ukraine
NA,Krieg in der Ukraine
NA,Krieg in der Ukraine
NA,Krieg in der Ukraine
NA,Krieg in der Ukraine
NA,Krieg in der Ukraine
NA,Krieg in der Ukraine
NA,Krieg in der Ukraine
NA,Krieg in der Ukraine
NA,Krieg in der Ukraine
NA,Krieg in der Ukraine
NA,UNO-Einsatz UNITAF in Somalia
NA,Kohlekompromiss im Ruhrbergbau
NA,Amoklauf an der Columbine High School am 20. April
NA,Unfall der Concorde in Paris
NA,Untergang der Kursk am 12. August
NA,gescheiterte Wiederwahl der schleswig-holsteinischen Ministerpräsidentin Heide Simonis
NA,Orkan Kyrill
NA,Präsidentschaftswahl in den Vereinigten Staaten 2008 am 4. November
NA,Landtagswahl in Baden-Württemberg am 27. März
NA,Entlassung von Umweltminister Norbert Röttgen
NA,Situation nach dem Absturz des Malaysia-Airlines-Flugs 17 am 17. Juli
NA,innerhalb einer Sendung zwei Themen
NA,Ausschreitungen militanter Demonstranten bei der Eröffnung des Neubaus der Europäischen Zentralbank
NA,Terroranschlag in Stockholm
NA,Anschlag in Halle (Saale) 2019
NA,Mauerfall am 9. November
NA,"Braer-Tankerunglück am 5. Januar (12. Januar), Ausreise von Erich Honecker nach Chile (13. Januar), Schiffsunglück der Jan Heweliusz (14. Januar)"
NA,"Tod des jordanischen Königs Hussein I. am 7. Februar (8. Februar), Lawinenunglücke in den Alpen (9. und 10. Februar)"
NA,Lawinenunglücke in den Alpen
NA,Kosovokrieg
NA,Kosovokrieg
NA,Kosovokrieg
NA,"Kosovokrieg (19.–23. April, zusätzlich eine Sendung am 21. April zum Amoklauf an der Columbine High School)"
NA,Kosovokrieg
NA,"Erdbeben von Gölcük (17. und 18. August), Festnahme des Mörders Dieter Zurwehme (19. August)"
NA,"Flugzeugabsturz in Paris (25. und 26. Juli, zusätzlich eine Sendung am 25. Juli zum Scheitern der Verhandlungen in Camp David), Sprengstoffanschlag in Düsseldorf (27. Juli)"
NA,"Untergang der Kursk am 12. August (15.–21. August, zusätzlich eine Sendung am 21. August über ein Busunglück)"
NA,Terroranschläge in den USA
NA,"Afghanistankrieg (7., 8. und 10. Oktober), Anthrax-Anschläge (9. Oktober)"
NA,Elbe-Hochwasser
NA,Geiselnahme im Moskauer Dubrowka-Theater
NA,Irakkrieg
NA,Irakkrieg
NA,Irakkrieg
NA,Geiselnahme von Beslan
NA,Sumatra-Andamanen-Beben am 26. Dezember
NA,Tod des Papstes Johannes Paul II.
NA,"Tod von vier Bundeswehrsoldaten in Afghanistan (15. April), Aschewolke (16.–18. April)"
NA,Unglück bei der Loveparade
NA,Aufstand in Ägypten
NA,Nuklearkatastrophe von Fukushima
NA,Libyen-Krieg
NA,Hochwasser in Deutschland
NA,Anschlag auf die Redaktion von Charlie Hebdo in Paris
NA,Absturz von Germanwings-Flug 9525 über Südfrankreich
NA,"Anschlag in Port El-Kantaoui (26. Juni), Scheitern der Verhandlungen zwischen Griechenland und seinen Gläubigern (27.–29. Juni)"
NA,Terroranschläge am 13. November in Paris
NA,G20-Gipfel in Hamburg
NA,"Terroranschlag in Wien (3. November), Präsidentschaftswahl in den Vereinigten Staaten (4., 5. und 6. November)"
NA,Unwetterkatastrophe in Deutschland
NA,Krieg in der Ukraine
NA,Krieg in der Ukraine
2020-03-10,Corona in Deutschland – was tun?
2020-03-12,Corona – droht Stillstand in Deutschland?
2020-03-13,"Corona-Krise – Schulen zu, KiTas dicht"
2020-03-17,Die Corona-Lage
2020-03-18,Die Corona-Lage
2020-03-19,Die Corona-Lage
2020-03-20,Die Corona-Lage
2020-03-24,Die Corona-Lage
2020-03-25,Die Corona-Lage
2020-03-26,Die Corona-Lage
2020-03-27,Die Corona-Lage
2020-03-31,Die Corona-Lage
2020-04-01,Die Corona-Lage
2020-04-02,Die Corona-Lage
2020-04-03,Die Corona-Lage
2020-04-06,Die Corona-Lage
2020-04-07,Die Corona-Lage
2020-04-08,Die Corona-Lage
2020-04-09,Die Corona-Lage
2020-04-14,Die Corona-Lage
2020-04-15,Die Corona-Lage
2020-04-16,Die Corona-Lage
2020-04-17,Die Corona-Lage
2020-04-20,Die Corona-Lage
2020-04-21,Die Corona-Lage
2020-04-22,Die Corona-Lage
2020-04-23,Die Corona-Lage
2020-04-24,Die Corona-Lage
2020-04-27,Die Corona-Lage
2020-04-28,Die Corona-Lage
2020-04-29,Die Corona-Lage
2020-04-30,Die Corona-Lage
2020-05-04,Die Corona-Lage
2020-05-05,Die Corona-Lage
2020-05-06,Die Corona-Lage
2020-05-07,Die Corona-Lage
2020-05-08,Die Corona-Lage
2020-05-11,Die Corona-Lage
2020-05-12,Die Corona-Lage
2020-05-13,Die Corona-Lage
2020-05-15,Die Corona-Lage
2020-05-18,Die Corona-Lage
2020-05-20,Die Corona-Lage
2020-05-22,Die Corona-Lage
2020-05-25,Die Corona-Lage
2020-05-28,Die Corona-Lage
2020-06-02,Die Corona-Lage
2020-06-08,Die Corona-Lage
2020-06-12,Die Corona-Lage
2020-06-15,Die Corona-Lage
2020-06-18,Die Corona-Lage
2020-06-23,Die Corona-Lage
2020-07-08,Merkels Rede vor dem Europaparlament
2020-07-30,Die Corona-Lage
2020-08-06,Die Corona-Lage
2020-08-27,Die Corona-Lage
2020-09-21,Die Corona-Lage
2020-09-30,Die Corona-Lage
2020-10-05,Die Corona-Lage
2020-10-08,Die Corona-Lage
2020-10-14,Die Corona-Lage
2020-10-20,Die Corona-Lage
2020-10-28,Die Corona-Lage
2020-11-02,Die Corona-Lage
2020-11-10,Die Corona-Lage
2020-11-16,Die Corona-Lage
2020-11-25,Die Corona-Lage
2020-11-26,Die Corona-Lage
2020-12-08,Die Corona-Lage
2020-12-11,Die Corona-Lage
2020-12-13,Die Corona-Lage
2020-12-14,Die Corona-Lage
2020-12-16,Die Corona-Lage
2020-12-21,Die Corona-Lage
2020-12-23,Die Corona-Lage
2021-01-05,Die Corona-Lage
2021-01-19,Die Corona-Lage
2021-01-29,Die Corona-Lage
2021-02-01,Die Corona-Lage
2021-02-10,Die Corona-Lage
2021-02-16,Die Corona-Lage
2021-02-19,Präsident Bidens Botschaft an Europa
2021-02-22,Die Corona-Lage
2021-03-03,Die Corona-Lage
2021-03-04,Die Corona-Lage
2021-03-08,Die Corona-Lage
2021-03-16,Die Corona-Lage
2021-03-19,Die Corona-Lage
2021-03-22,Die Corona-Lage
2021-03-23,Die Corona-Lage
2021-03-31,Die Corona-Lage
2021-04-01,Die Corona-Lage
2021-04-06,Die Corona-Lage
2021-04-21,Die Corona-Lage
2021-04-26,Die Corona-Lage
2021-05-10,Die Corona-Lage
2021-05-27,Die Corona-Lage
2021-07-02,Die Corona-Lage
2021-08-10,Die Corona-Lage
2021-11-01,Die Corona-Lage
2021-11-15,Die Corona-Lage
2021-11-18,Die Corona-Lage
2021-11-26,Die Corona-Lage
2021-11-30,Die Corona-Lage
2021-12-02,Die Corona-Lage
2021-12-09,Die Corona-Lage
2021-12-13,Die Corona-Lage „Unter Druck: Deutschland im zweiten Corona-Herbst“
2021-12-21,Die Corona-Lage
2022-01-07,Die Corona-Lage
2022-01-17,Die Corona-Lage
2022-01-24,Die Corona-Lage
2022-02-16,Die Corona-Lage
2022-02-18,Orkan über Deutschland
2022-03-17,Ministerpräsidentenkonferenz zur Corona-Lage und Versorgung ukrainischer Flüchtlinge
2022-04-06,Die Corona-Lage
